wavelength_nm,qe_r,qe_g,qe_b
400,	16.569,	12.383,	51.456
410,	12.825,	9.651,	60.665
420,	9.853,	7.581,	64.584
430,	7.875,	6.192,	67.822
440,	6.523,	7.452,	71.162
450,	5.391,	7.645,	71.640
460,	4.729,	8.942,	69.543
470,	5.143,	23.837,	65.909
480,	5.962,	52.495,	59.671
490,	6.330,	70.490,	49.744
500,	6.817,	76.167,	38.631
510,	7.875,	77.372,	27.775
520,	10.359,	77.906,	19.062
530,	11.574,	77.482,	13.929
540,	8.731,	76.185,	10.755
550,	6.486,	73.444,	8.022
560,	6.808,	69.488,	5.916
570,	11.988,	64.814,	5.272
580,	45.190,	60.306,	5.640
590,	78.329,	54.390,	6.017
600,	83.573,	45.190,	5.814
610,	81.852,	34.997,	5.364
620,	79.138,	27.536,	5.069
630,	77.114,	23.754,	5.345
640,	75.458,	21.749,	6.044
650,	73.278,	20.277,	7.130
660,	70.978,	20.553,	8.482
670,	68.089,	23.239,	9.899
680,	64.842,	27.379,	11.114
690,	63.333,	32.117,	12.503
700,	64.520,	36.754,	14.104
710,	66.314,	39.256,	14.886
720,	66.691,	38.741,	14.407
730,	65.578,	37.462,	14.012
740,	64.280,	38.254,	14.674
750,	62.956,	40.278,	15.714
760,	61.658,	41.602,	16.808
770,	60.830,	42.559,	18.823
780,	59.966,	43.976,	24.030
790,	59.662,	46.800,	35.963
800,	59.285,	50.066,	50.011
810,	58.622,	52.274,	56.994
820,	57.601,	53.038,	58.356
830,	56.838,	53.010,	58.061
840,	55.881,	52.449,	57.150
850,	54.289,	51.327,	55.568
860,	52.127,	49.579,	53.470
870,	49.744,	47.702,	51.419
880,	47.647,	46.009,	49.680
890,	45.476,	44.059,	47.684
900,	43.645,	42.256,	45.540
910,	41.529,	40.241,	42.670
920,	39.505,	38.189,	39.946
930,	37.416,	36.064,	37.656
940,	34.859,	33.663,	34.868
950,	32.504,	31.528,	32.540
960,	29.201,	28.465,	29.201
970,	27.591,	27.039,	27.710
980,	23.929,	23.414,	23.911
990,	21.868,	21.519,	21.933
1000,	18.639,	18.234,	18.704
1010,	16.348,	16.082,	16.348
1020,	13.496,	13.257,	13.506
1030,	10.930,	10.792,	10.957
1040,	8.372,	8.216,	8.372
1050,	6.385,	6.302,	6.376
1060,	4.582,	4.508,	4.572
1070,	3.349,	3.294,	3.358
1080,	2.493,	2.447,	2.484
1090,	1.932,	1.886,	1.941
1100,	1.546,	1.509,	1.509
